CELLAR,PositiveSmallIntegerField,null=True
JWHNHD,SmallIntegerField,null=True
OTHFN,PositiveSmallIntegerField,null=True
NROWNR,PositiveSmallIntegerField,null=True
WMQUAL,PositiveSmallIntegerField,null=True
CFUEL,PositiveSmallIntegerField,null=True
JHHPAR,SmallIntegerField,null=True
MAJR3,SmallIntegerField,null=True
MAJR2,SmallIntegerField,null=True
MAJR1,SmallIntegerField,null=True
FLOT,SmallIntegerField,null=True
JILEAK,SmallIntegerField,null=True
WMNFIT,SmallIntegerField,null=True
JFRENT,SmallIntegerField,null=True
JFOTHF,SmallIntegerField,null=True
WNOTHR,PositiveSmallIntegerField,null=True
MOPERM,SmallIntegerField,null=True
NOINT,SmallIntegerField,null=True
JRATS,SmallIntegerField,null=True
EMISSW,PositiveSmallIntegerField,null=True
OARSYS,PositiveSmallIntegerField,null=True
JMCLOS,SmallIntegerField,null=True
EMISSR,PositiveSmallIntegerField,null=True
JQOTHER,SmallIntegerField,null=True
HHPQWKCMP,PositiveSmallIntegerField,null=True
HOTPIP,PositiveSmallIntegerField,null=True
ISTATUS,PositiveSmallIntegerField,null=True
JRATFREQ,SmallIntegerField,null=True
JMPRIV,SmallIntegerField,null=True
EXPOSE,SmallIntegerField,null=True
ILEAK,PositiveSmallIntegerField,null=True
JELDUS,SmallIntegerField,null=True
DBOUT1WHY,SmallIntegerField,null=True
JRSHOP,SmallIntegerField,null=True
PREOCC,PositiveSmallIntegerField,null=True
USEOTHR,PositiveSmallIntegerField,null=True
FLRENT,SmallIntegerField,null=True
WHYCD1,SmallIntegerField,null=True
JHFUEL,SmallIntegerField,null=True
MOSOCT,PositiveSmallIntegerField,null=True
SAMEGAS,PositiveSmallIntegerField,null=True
M12ROACH,SmallIntegerField,null=True
JOAFUE,SmallIntegerField,null=True
MOSALL,PositiveSmallIntegerField,null=True
DFUEL,PositiveSmallIntegerField,null=True
WATER,PositiveSmallIntegerField,null=True
JM12ROACH,SmallIntegerField,null=True
WHFIN,PositiveSmallIntegerField,null=True
MCNT,SmallIntegerField,null=True
FRPLI,SmallIntegerField,null=True
WHYRD,PositiveSmallIntegerField,null=True
FPINS,SmallIntegerField,null=True
MVCNT1,PositiveSmallIntegerField,null=True
MVCNT2,PositiveSmallIntegerField,null=True
MVCNT3,PositiveSmallIntegerField,null=True
WNSAFETY,PositiveSmallIntegerField,null=True
BUYG2,SmallIntegerField,null=True
JHSTAY,SmallIntegerField,null=True
JVALU,PositiveSmallIntegerField,null=True
EROACH,PositiveSmallIntegerField,null=True
HHPMEMRY,PositiveSmallIntegerField,null=True
JDISPL,SmallIntegerField,null=True
JFCOLD,SmallIntegerField,null=True
DBMISSMORT,SmallIntegerField,null=True
LANPMT,SmallIntegerField,null=True
TPARK,SmallIntegerField,null=True
WGT90GEO,DecimalField,"max_digits=20, decimal_places=10, null=True"
TRASH,PositiveSmallIntegerField,null=True
JWASH,SmallIntegerField,null=True
MARKET,SmallIntegerField,null=True
JAMTI,PositiveSmallIntegerField,null=True
JELLAR,SmallIntegerField,null=True
JAMTO,SmallIntegerField,null=True
JAMTE,PositiveSmallIntegerField,null=True
JAMTG,PositiveSmallIntegerField,null=True
JAMTF,SmallIntegerField,null=True
JHHPQSS,SmallIntegerField,null=True
LAUNDY,PositiveSmallIntegerField,null=True
ELEV,SmallIntegerField,null=True
HHSPOS,SmallIntegerField,null=True
JHHMAR,SmallIntegerField,null=True
JAMTT,SmallIntegerField,null=True
JAMTW,SmallIntegerField,null=True
JTXRE,SmallIntegerField,null=True
DIRAC,SmallIntegerField,null=True
JBILLT,PositiveSmallIntegerField,null=True
JBILLW,PositiveSmallIntegerField,null=True
WATERS,PositiveSmallIntegerField,null=True
DBOUT1WHER,SmallIntegerField,null=True
SNITEV,SmallIntegerField,null=True
JUSPER,SmallIntegerField,null=True
JBILLE,PositiveSmallIntegerField,null=True
JBILLG,PositiveSmallIntegerField,null=True
JBILLF,PositiveSmallIntegerField,null=True
COOK,PositiveSmallIntegerField,null=True
M12ROD,SmallIntegerField,null=True
WMEVIC,PositiveSmallIntegerField,null=True
WATERD,SmallIntegerField,null=True
JHOTFE,SmallIntegerField,null=True
MG,PositiveSmallIntegerField,null=True
LVALUE,SmallIntegerField,null=True
JMONHH,SmallIntegerField,null=True
HPMP,SmallIntegerField,null=True
NRPAYM,PositiveSmallIntegerField,null=True
HHGRAD,PositiveSmallIntegerField,null=True
JSEGAS,PositiveSmallIntegerField,null=True
HALFB,PositiveSmallIntegerField,null=True
MOSNOV,PositiveSmallIntegerField,null=True
OTHCLD,SmallIntegerField,null=True
BILLO,SmallIntegerField,null=True
L50A,PositiveIntegerField,null=True
JNOTHR,SmallIntegerField,null=True
L50B,PositiveIntegerField,null=True
TLRMOV,PositiveSmallIntegerField,null=True
FLOORS,PositiveSmallIntegerField,null=True
JURNER,SmallIntegerField,null=True
JMHOUS,SmallIntegerField,null=True
HHPVOTHER,PositiveIntegerField,null=True
AMTG,PositiveSmallIntegerField,null=True
CLPEVA,SmallIntegerField,null=True
JHHPQSSI,SmallIntegerField,null=True
LRENT,SmallIntegerField,null=True
JINING,SmallIntegerField,null=True
BIGP,PositiveSmallIntegerField,null=True
BURNER,SmallIntegerField,null=True
VACANCY,SmallIntegerField,null=True
JHHPVOTHER,PositiveSmallIntegerField,null=True
JTPARK,SmallIntegerField,null=True
HISTRY,PositiveSmallIntegerField,null=True
NLOTHR,PositiveSmallIntegerField,null=True
OTBUP,PositiveSmallIntegerField,null=True
ANCHOR,SmallIntegerField,null=True
KITCHEN,PositiveSmallIntegerField,null=True
JHARPF,SmallIntegerField,null=True
WMFORE,PositiveSmallIntegerField,null=True
WMDISL,PositiveSmallIntegerField,null=True
REFR,PositiveSmallIntegerField,null=True
FMR,PositiveIntegerField,null=True
ENEFIC,PositiveSmallIntegerField,null=True
VACANC2,SmallIntegerField,null=True
JRECRM,PositiveSmallIntegerField,null=True
MOSAPR,PositiveSmallIntegerField,null=True
JTUB,SmallIntegerField,null=True
MOSJAN,PositiveSmallIntegerField,null=True
JWNAMEN,SmallIntegerField,null=True
JDFUEL,SmallIntegerField,null=True
WMJOBS,PositiveSmallIntegerField,null=True
AFUEL,PositiveSmallIntegerField,null=True
RESPTYP,PositiveSmallIntegerField,null=True
L30,PositiveIntegerField,null=True
NOSTEP,PositiveSmallIntegerField,null=True
WNPEPL,PositiveSmallIntegerField,null=True
BLEAK,SmallIntegerField,null=True
LOT,SmallIntegerField,null=True
HHPQSAL,PositiveSmallIntegerField,null=True
MHSETQ,SmallIntegerField,null=True
MOSSEP,PositiveSmallIntegerField,null=True
JWNLOT,SmallIntegerField,null=True
JUMAIR,SmallIntegerField,null=True
AMTF,SmallIntegerField,null=True
DATE,PositiveIntegerField,null=True
INCP,SmallIntegerField,null=True
ROACHFRQ,SmallIntegerField,null=True
INCS,SmallIntegerField,null=True
WMOTHR,PositiveSmallIntegerField,null=True
JHYTON,SmallIntegerField,null=True
BLDMNT,SmallIntegerField,null=True
WMMARR,PositiveSmallIntegerField,null=True
MINR2,SmallIntegerField,null=True
MINR1,SmallIntegerField,null=True
JLOORS,SmallIntegerField,null=True
NUMBLOW,SmallIntegerField,null=True
HHPAR,SmallIntegerField,null=True
JQALIM,SmallIntegerField,null=True
WNTRAN,PositiveSmallIntegerField,null=True
CONTROL,IntegerField,null=True
JREUAD,SmallIntegerField,null=True
NLMOV,PositiveSmallIntegerField,null=True
HERRND,PositiveSmallIntegerField,null=True
HHEAR,PositiveSmallIntegerField,null=True
JROACHFRQ,SmallIntegerField,null=True
JEWDUS,SmallIntegerField,null=True
JHHPQOTHER,SmallIntegerField,null=True
JHNGET,SmallIntegerField,null=True
BUSPER,PositiveSmallIntegerField,null=True
DBEVICTHT,SmallIntegerField,null=True
JTYPE,SmallIntegerField,null=True
JHHMOVE,SmallIntegerField,null=True
WHDSN,PositiveSmallIntegerField,null=True
WHSIZ,PositiveSmallIntegerField,null=True
BEDRMS,PositiveSmallIntegerField,null=True
ELECT,SmallIntegerField,null=True
QRENT,PositiveSmallIntegerField,null=True
JHHSPOS,SmallIntegerField,null=True
LMEDB,PositiveIntegerField,null=True
MOSMAY,PositiveSmallIntegerField,null=True
JHHPQSAL,SmallIntegerField,null=True
JWNJOB,SmallIntegerField,null=True
MOSMAR,PositiveSmallIntegerField,null=True
HEARHS,PositiveSmallIntegerField,null=True
WHNGET,PositiveIntegerField,null=True
TAXINC,SmallIntegerField,null=True
ZINC2,PositiveIntegerField,null=True
MINR3,SmallIntegerField,null=True
JWHQUL,SmallIntegerField,null=True
DWNPAY,PositiveSmallIntegerField,null=True
LOOKHS,PositiveSmallIntegerField,null=True
HWALK,PositiveSmallIntegerField,null=True
NUNIT2,PositiveSmallIntegerField,null=True
MICE,SmallIntegerField,null=True
JMMARR,SmallIntegerField,null=True
WMFAML,PositiveSmallIntegerField,null=True
JOTSUR,SmallIntegerField,null=True
FAMRM,PositiveSmallIntegerField,null=True
OTHRUN,PositiveSmallIntegerField,null=True
RAC,PositiveSmallIntegerField,null=True
DBEVICWHERE,SmallIntegerField,null=True
RAN,PositiveSmallIntegerField,null=True
RAM,PositiveSmallIntegerField,null=True
HMEMRY,PositiveSmallIntegerField,null=True
SXUREV,SmallIntegerField,null=True
WNHOME,PositiveSmallIntegerField,null=True
DBOUT1REAS,SmallIntegerField,null=True
BUYW,SmallIntegerField,null=True
NLMOBL,PositiveSmallIntegerField,null=True
HHPQSSI,PositiveSmallIntegerField,null=True
MOSFEB,PositiveSmallIntegerField,null=True
NUMAIR,SmallIntegerField,null=True
WELDUS,PositiveSmallIntegerField,null=True
KEXCLU,SmallIntegerField,null=True
JAMEDU,SmallIntegerField,null=True
JIRSYS,SmallIntegerField,null=True
CSTMNT,PositiveSmallIntegerField,null=True
JDBMOUT,SmallIntegerField,null=True
JMGOVT,SmallIntegerField,null=True
SAMEHH2,PositiveSmallIntegerField,null=True
JQWKCMP,SmallIntegerField,null=True
BILLE,PositiveSmallIntegerField,null=True
BILLF,SmallIntegerField,null=True
BILLG,PositiveSmallIntegerField,null=True
FRENT,SmallIntegerField,null=True
NUMDRY,SmallIntegerField,null=True
TPBPAI,PositiveSmallIntegerField,null=True
JWNSCH,SmallIntegerField,null=True
BILLT,SmallIntegerField,null=True
WFUEL,PositiveSmallIntegerField,null=True
BILLW,PositiveSmallIntegerField,null=True
WNLOOK,PositiveSmallIntegerField,null=True
HEQUIP,PositiveSmallIntegerField,null=True
WMFEMP,PositiveSmallIntegerField,null=True
JMOWNR,SmallIntegerField,null=True
GRDMNT,SmallIntegerField,null=True
JINCS,SmallIntegerField,null=True
HHMOVM,PositiveSmallIntegerField,null=True
NUNITS,PositiveSmallIntegerField,null=True
JUSELECT,PositiveSmallIntegerField,null=True
FRSIT,SmallIntegerField,null=True
JSINK,SmallIntegerField,null=True
DBEVICLK,SmallIntegerField,null=True
JHHPQWKCMP,SmallIntegerField,null=True
XNRATE,PositiveSmallIntegerField,null=True
JDRY,SmallIntegerField,null=True
HHPQOTHER,PositiveSmallIntegerField,null=True
JHARFR,SmallIntegerField,null=True
HHPQSS,PositiveSmallIntegerField,null=True
QDIV,PositiveSmallIntegerField,null=True
JENURE,SmallIntegerField,null=True
SAMEDU,PositiveSmallIntegerField,null=True
LISCH,SmallIntegerField,null=True
JHARAT,SmallIntegerField,null=True
CRACKS,PositiveSmallIntegerField,null=True
WHAVL,PositiveSmallIntegerField,null=True
TRUCKS,PositiveSmallIntegerField,null=True
MOVAC,SmallIntegerField,null=True
DENS,PositiveSmallIntegerField,null=True
JVCNT1,SmallIntegerField,null=True
JVCNT3,SmallIntegerField,null=True
JVCNT2,SmallIntegerField,null=True
PHONE,PositiveSmallIntegerField,null=True
HHKIDU18,PositiveSmallIntegerField,null=True
JQSSI,SmallIntegerField,null=True
JREEZE,SmallIntegerField,null=True
HHPCARE,PositiveSmallIntegerField,null=True
ESAGR,PositiveSmallIntegerField,null=True
WHOTH,PositiveSmallIntegerField,null=True
ELEVWK,SmallIntegerField,null=True
JCPRIC,SmallIntegerField,null=True
WHNHD,PositiveSmallIntegerField,null=True
JRUCKS,SmallIntegerField,null=True
TIMSHR,SmallIntegerField,null=True
IFFEE,PositiveSmallIntegerField,null=True
S150MV,SmallIntegerField,null=True
LEAK,PositiveSmallIntegerField,null=True
QSELF,PositiveSmallIntegerField,null=True
WHEXT,PositiveSmallIntegerField,null=True
CROPSL,SmallIntegerField,null=True
JMARKT,SmallIntegerField,null=True
JHHPQRETIR,SmallIntegerField,null=True
PROJ,SmallIntegerField,null=True
BUYO2,SmallIntegerField,null=True
JFAMRM,PositiveSmallIntegerField,null=True
LPRICE,SmallIntegerField,null=True
LMEDA,PositiveIntegerField,null=True
TOILET,PositiveSmallIntegerField,null=True
JWFUEL,SmallIntegerField,null=True
JHHMOVM,SmallIntegerField,null=True
JHHRACE,SmallIntegerField,null=True
JNITSF,SmallIntegerField,null=True
JCLIMB,SmallIntegerField,null=True
JATERS,SmallIntegerField,null=True
YRRND,SmallIntegerField,null=True
TADJ,PositiveSmallIntegerField,null=True
SAMEELEC,PositiveSmallIntegerField,null=True
MHSTAY,SmallIntegerField,null=True
JQDIV,SmallIntegerField,null=True
LANG,PositiveSmallIntegerField,null=True
QOTHER,PositiveSmallIntegerField,null=True
DBLVEFORC,SmallIntegerField,null=True
SRENTV,SmallIntegerField,null=True
JHYMOV,PositiveSmallIntegerField,null=True
APTSP,SmallIntegerField,null=True
JUNITS,SmallIntegerField,null=True
JZINCN,SmallIntegerField,null=True
VOTHER,PositiveIntegerField,null=True
JNPEPL,SmallIntegerField,null=True
WMOWNR,SmallIntegerField,null=True
SRECV,SmallIntegerField,null=True
RCNTRL,SmallIntegerField,null=True
HHMOVE,PositiveIntegerField,null=True
CARS,PositiveSmallIntegerField,null=True
HHPQRETIR,PositiveSmallIntegerField,null=True
FMHOTF,SmallIntegerField,null=True
FREEZE,PositiveSmallIntegerField,null=True
BOARDU,SmallIntegerField,null=True
JBUYE2,SmallIntegerField,null=True
WMREPR,SmallIntegerField,null=True
AFUR,SmallIntegerField,null=True
CLIMB,SmallIntegerField,null=True
PLUGS,PositiveSmallIntegerField,null=True
VACANC2B,SmallIntegerField,null=True
SSELV,SmallIntegerField,null=True
SINHV,SmallIntegerField,null=True
JTHRUN,PositiveSmallIntegerField,null=True
WNJOB,PositiveSmallIntegerField,null=True
JMCHEP,SmallIntegerField,null=True
JNLOOK,SmallIntegerField,null=True
TUB,PositiveSmallIntegerField,null=True
ZINCH,PositiveSmallIntegerField,null=True
ZINCN,SmallIntegerField,null=True
WMPRIV,PositiveSmallIntegerField,null=True
L50,PositiveIntegerField,null=True
WHYTOH,PositiveSmallIntegerField,null=True
JBUYI,SmallIntegerField,null=True
JBUYO,SmallIntegerField,null=True
DEGREE,PositiveSmallIntegerField,null=True
WHYTON,PositiveSmallIntegerField,null=True
VCHRMOV,SmallIntegerField,null=True
JBUYG,SmallIntegerField,null=True
JBUYF,SmallIntegerField,null=True
JBUYE,SmallIntegerField,null=True
APTAD,SmallIntegerField,null=True
SINK,PositiveSmallIntegerField,null=True
ZINC,PositiveIntegerField,null=True
JUBRNT,SmallIntegerField,null=True
JBUYW,SmallIntegerField,null=True
JBUYT,SmallIntegerField,null=True
HHREL,PositiveSmallIntegerField,null=True
JQRETIR,SmallIntegerField,null=True
JIFFEE,SmallIntegerField,null=True
QRETIR,PositiveSmallIntegerField,null=True
QWELF,PositiveSmallIntegerField,null=True
JALMV,PositiveSmallIntegerField,null=True
JAIR,SmallIntegerField,null=True
EBROKE,PositiveSmallIntegerField,null=True
NUMSEW,SmallIntegerField,null=True
DBMISSRENT,SmallIntegerField,null=True
SEWDIS,SmallIntegerField,null=True
POOR,PositiveSmallIntegerField,null=True
DIVISION,PositiveSmallIntegerField,null=True
JPLUGS,SmallIntegerField,null=True
QALIM,PositiveSmallIntegerField,null=True
JLEAK,SmallIntegerField,null=True
NUMCOLD,SmallIntegerField,null=True
DBOUT1VOL,SmallIntegerField,null=True
NOWIRE,PositiveSmallIntegerField,null=True
JLINE1,SmallIntegerField,null=True
NLBSY,PositiveSmallIntegerField,null=True
L30B,PositiveIntegerField,null=True
CONFEE,PositiveSmallIntegerField,null=True
DBWHYEVIC,SmallIntegerField,null=True
JQWELF,SmallIntegerField,null=True
WMLARG,PositiveSmallIntegerField,null=True
QSS,PositiveSmallIntegerField,null=True
WNSCH,PositiveSmallIntegerField,null=True
JREFR,SmallIntegerField,null=True
JMICE,SmallIntegerField,null=True
WHYMOVE,PositiveSmallIntegerField,null=True
RENT,SmallIntegerField,null=True
ZMVGRP,PositiveSmallIntegerField,null=True
JBSINK,SmallIntegerField,null=True
KIDU18,PositiveSmallIntegerField,null=True
JUBSEW,SmallIntegerField,null=True
JVACAN,SmallIntegerField,null=True
DBIN1REAS,PositiveSmallIntegerField,null=True
BUYE2,SmallIntegerField,null=True
JHHPQDIV,SmallIntegerField,null=True
STEAM,SmallIntegerField,null=True
JHALFB,SmallIntegerField,null=True
HHSEX,PositiveSmallIntegerField,null=True
JCOOK,SmallIntegerField,null=True
JWHDSN,SmallIntegerField,null=True
JBIGP,SmallIntegerField,null=True
JWNFAMILR,SmallIntegerField,null=True
HHSAL,PositiveSmallIntegerField,null=True
BATHS,PositiveSmallIntegerField,null=True
JFBLOW,SmallIntegerField,null=True
MOSAUG,PositiveSmallIntegerField,null=True
DBIN1VOL,PositiveSmallIntegerField,null=True
USEOIL,PositiveSmallIntegerField,null=True
JLRENT,SmallIntegerField,null=True
JWNSRV,SmallIntegerField,null=True
VACVAC,SmallIntegerField,null=True
DLINE1,PositiveSmallIntegerField,null=True
JMFORE,SmallIntegerField,null=True
DBOUTMOVE,PositiveSmallIntegerField,null=True
JEROACH,SmallIntegerField,null=True
JHHSPAN,SmallIntegerField,null=True
JHHREL,SmallIntegerField,null=True
REGION,PositiveSmallIntegerField,null=True
WHQUL,PositiveSmallIntegerField,null=True
JCFUEL,SmallIntegerField,null=True
ALMV,PositiveSmallIntegerField,null=True
JOWIRE,SmallIntegerField,null=True
JOVEN,SmallIntegerField,null=True
JELUMP,PositiveSmallIntegerField,null=True
DINING,PositiveSmallIntegerField,null=True
TPBPIP,PositiveSmallIntegerField,null=True
WNFAMILR,PositiveSmallIntegerField,null=True
RATS,SmallIntegerField,null=True
OVEN,SmallIntegerField,null=True
HELCN,SmallIntegerField,null=True
JHHATVTY,SmallIntegerField,null=True
JUSEOTHR,SmallIntegerField,null=True
FPLWK,PositiveSmallIntegerField,null=True
HELC,PositiveSmallIntegerField,null=True
JFPLWK,SmallIntegerField,null=True
JAPPLY,SmallIntegerField,null=True
NONE,PositiveSmallIntegerField,null=True
JIVING,SmallIntegerField,null=True
L80,PositiveIntegerField,null=True
SMSA,PositiveIntegerField,null=True
JLPRIC,SmallIntegerField,null=True
JBUYF2,SmallIntegerField,null=True
HHPQALIM,PositiveSmallIntegerField,null=True
PLEAK,SmallIntegerField,null=True
JNTRAN,SmallIntegerField,null=True
DBUTBILL,PositiveSmallIntegerField,null=True
JEVROD,SmallIntegerField,null=True
JHHMVG,SmallIntegerField,null=True
JM12ROD,SmallIntegerField,null=True
QFS1,PositiveSmallIntegerField,null=True
BUYW2,SmallIntegerField,null=True
ZSMHC,PositiveIntegerField,null=True
JQRENT,SmallIntegerField,null=True
PRENT,SmallIntegerField,null=True
NLNPR,PositiveSmallIntegerField,null=True
JRSTOC,SmallIntegerField,null=True
STOVE,SmallIntegerField,null=True
JQSS,SmallIntegerField,null=True
JIMSHR,SmallIntegerField,null=True
JMCNT,SmallIntegerField,null=True
JBUYO2,SmallIntegerField,null=True
JPROJ,SmallIntegerField,null=True
IFCOLD,SmallIntegerField,null=True
NLUNK,PositiveSmallIntegerField,null=True
BUYT2,SmallIntegerField,null=True
TXRE,PositiveSmallIntegerField,null=True
JHHAGE,SmallIntegerField,null=True
PER,PositiveSmallIntegerField,null=True
KITCH,PositiveSmallIntegerField,null=True
MHOTFE,SmallIntegerField,null=True
SHARAT,PositiveSmallIntegerField,null=True
UNITSF,PositiveIntegerField,null=True
PRIN01,SmallIntegerField,null=True
EHOLER,PositiveSmallIntegerField,null=True
IFTLT,PositiveSmallIntegerField,null=True
EGOOD,PositiveSmallIntegerField,null=True
QINT,PositiveSmallIntegerField,null=True
HSEE,PositiveSmallIntegerField,null=True
JBILLO,PositiveSmallIntegerField,null=True
APPLY,SmallIntegerField,null=True
METRO3,PositiveSmallIntegerField,null=True
OAFUEL,SmallIntegerField,null=True
PERSINT,PositiveSmallIntegerField,null=True
LODG,SmallIntegerField,null=True
MARKT,PositiveSmallIntegerField,null=True
JMOVAC,SmallIntegerField,null=True
JQSELF,SmallIntegerField,null=True
JRENEW,SmallIntegerField,null=True
JOTHFN,PositiveSmallIntegerField,null=True
RNTADJ,SmallIntegerField,null=True
DBMORTFORC,SmallIntegerField,null=True
PORCH,PositiveSmallIntegerField,null=True
JROPSL,SmallIntegerField,null=True
HHNATVTY,PositiveSmallIntegerField,null=True
JKITCH,SmallIntegerField,null=True
TPBSOL,PositiveSmallIntegerField,null=True
PLF,SmallIntegerField,null=True
JBUYT2,SmallIntegerField,null=True
JBUILT,SmallIntegerField,null=True
TYPE,PositiveSmallIntegerField,null=True
WMCHTN,PositiveSmallIntegerField,null=True
CUSHOM,SmallIntegerField,null=True
NONREL,PositiveSmallIntegerField,null=True
REGMOR,SmallIntegerField,null=True
JEDRMS,SmallIntegerField,null=True
AIR,PositiveSmallIntegerField,null=True
WASH,PositiveSmallIntegerField,null=True
RENEW,SmallIntegerField,null=True
IFOTHF,SmallIntegerField,null=True
JRENT,SmallIntegerField,null=True
JARSYS,SmallIntegerField,null=True
NUMMOR,SmallIntegerField,null=True
JHHNUSYR,SmallIntegerField,null=True
BUILT,PositiveIntegerField,null=True
JHHPQSELF,SmallIntegerField,null=True
BUYE,SmallIntegerField,null=True
BUYF,PositiveSmallIntegerField,null=True
BUYG,SmallIntegerField,null=True
VOTHER2,PositiveIntegerField,null=True
JCARS,SmallIntegerField,null=True
DISAS,SmallIntegerField,null=True
BUYO,PositiveSmallIntegerField,null=True
BUYI,PositiveSmallIntegerField,null=True
BUYT,PositiveSmallIntegerField,null=True
HFUEL,PositiveSmallIntegerField,null=True
OWNLOT,SmallIntegerField,null=True
HHMAR,PositiveSmallIntegerField,null=True
JVOTHER,PositiveSmallIntegerField,null=True
FRPL,SmallIntegerField,null=True
DBEVICNOTE,SmallIntegerField,null=True
JTRASH,SmallIntegerField,null=True
DBINFORC,SmallIntegerField,null=True
JUNIT2,SmallIntegerField,null=True
WMONHH,PositiveSmallIntegerField,null=True
JHHPQRENT,SmallIntegerField,null=True
BSINK,PositiveSmallIntegerField,null=True
BBLDG,SmallIntegerField,null=True
JMGOVP,SmallIntegerField,null=True
RATFREQ,SmallIntegerField,null=True
JHOLES,SmallIntegerField,null=True
USFCHG,PositiveSmallIntegerField,null=True
JMCHTN,SmallIntegerField,null=True
JMFAML,SmallIntegerField,null=True
PWT,DecimalField,"max_digits=20, decimal_places=10, null=True"
FMRA,PositiveIntegerField,null=True
EBOARD,PositiveSmallIntegerField,null=True
FMRB,PositiveIntegerField,null=True
ACCESS,PositiveSmallIntegerField,null=True
USEGAS,PositiveSmallIntegerField,null=True
MOBILTYP,SmallIntegerField,null=True
SINVV,SmallIntegerField,null=True
EXCLUS,PositiveSmallIntegerField,null=True
ECRUMB,PositiveSmallIntegerField,null=True
JMOTHR,SmallIntegerField,null=True
HOTH,SmallIntegerField,null=True
DRY,PositiveSmallIntegerField,null=True
HHPQSELF,PositiveSmallIntegerField,null=True
HHPQRENT,PositiveSmallIntegerField,null=True
JHYTOH,SmallIntegerField,null=True
MOSJUN,PositiveSmallIntegerField,null=True
MOSJUL,PositiveSmallIntegerField,null=True
JRSTHO,SmallIntegerField,null=True
JDENS,SmallIntegerField,null=True
HHMVG,PositiveSmallIntegerField,null=True
USELECT,PositiveSmallIntegerField,null=True
SHARFR,PositiveSmallIntegerField,null=True
JNHOME,SmallIntegerField,null=True
REUAD,SmallIntegerField,null=True
JMDISL,SmallIntegerField,null=True
FLIN,SmallIntegerField,null=True
JEWDIS,SmallIntegerField,null=True
HHSPAN,PositiveSmallIntegerField,null=True
JWHSIZ,SmallIntegerField,null=True
JIFDRY,SmallIntegerField,null=True
BUYF2,SmallIntegerField,null=True
PORTH,SmallIntegerField,null=True
HHPQINT,PositiveSmallIntegerField,null=True
JHHITSHP,SmallIntegerField,null=True
PLUMB,PositiveSmallIntegerField,null=True
JVOTHER2,PositiveSmallIntegerField,null=True
DBGRPNUM,PositiveSmallIntegerField,null=True
NUMTLT,SmallIntegerField,null=True
JWHFIN,SmallIntegerField,null=True
SUBRNT,SmallIntegerField,null=True
HOWH,PositiveSmallIntegerField,null=True
JMOSALL,SmallIntegerField,null=True
LIVING,PositiveSmallIntegerField,null=True
DBOUT1LEN,SmallIntegerField,null=True
HOWN,PositiveSmallIntegerField,null=True
JCNTRL,SmallIntegerField,null=True
JHHPQINT,SmallIntegerField,null=True
CAMF,PositiveSmallIntegerField,null=True
JPORCH,SmallIntegerField,null=True
IFBLOW,PositiveSmallIntegerField,null=True
JHHPQWELF,SmallIntegerField,null=True
JRACKS,SmallIntegerField,null=True
TREP,PositiveSmallIntegerField,null=True
CONDO,PositiveSmallIntegerField,null=True
VCHER,SmallIntegerField,null=True
JCCESS,SmallIntegerField,null=True
SUBFIX,PositiveSmallIntegerField,null=True
WMCNDO,SmallIntegerField,null=True
JWHEXT,SmallIntegerField,null=True
HHCITSHP,PositiveSmallIntegerField,null=True
HHLDKID,PositiveSmallIntegerField,null=True
CPRICE,SmallIntegerField,null=True
NOTSUR,SmallIntegerField,null=True
LOOKNS,PositiveSmallIntegerField,null=True
JHHPQALIM,SmallIntegerField,null=True
IPOV,PositiveIntegerField,null=True
MOSDEC,PositiveSmallIntegerField,null=True
FRSTOC,PositiveSmallIntegerField,null=True
JEXCLU,SmallIntegerField,null=True
AIRSYS,PositiveSmallIntegerField,null=True
COKST,SmallIntegerField,null=True
HCARE,PositiveSmallIntegerField,null=True
L80A,PositiveIntegerField,null=True
L80B,PositiveIntegerField,null=True
SAMEHH,PositiveSmallIntegerField,null=True
WMHOUS,PositiveSmallIntegerField,null=True
HHPERRND,PositiveSmallIntegerField,null=True
JWHAVL,SmallIntegerField,null=True
DBIN1WHER,PositiveSmallIntegerField,null=True
WTRHRL,SmallIntegerField,null=True
JWATER,SmallIntegerField,null=True
WHYCD3,SmallIntegerField,null=True
WHYCD2,SmallIntegerField,null=True
PUBSEW,PositiveSmallIntegerField,null=True
WNSRV,PositiveSmallIntegerField,null=True
JMG,PositiveSmallIntegerField,null=True
WHYCD5,SmallIntegerField,null=True
WHYCD4,SmallIntegerField,null=True
JIFTLT,SmallIntegerField,null=True
JMEVIC,SmallIntegerField,null=True
IFSEW,PositiveSmallIntegerField,null=True
HELUMN,SmallIntegerField,null=True
JAUNDY,PositiveSmallIntegerField,null=True
WNAMEN,PositiveSmallIntegerField,null=True
JUMSEW,SmallIntegerField,null=True
QSSI,PositiveSmallIntegerField,null=True
HELUMP,PositiveSmallIntegerField,null=True
HHPLINE,PositiveSmallIntegerField,null=True
HHTEN,PositiveSmallIntegerField,null=True
JDISH,SmallIntegerField,null=True
XHRATE,PositiveSmallIntegerField,null=True
MOVEDLY,PositiveSmallIntegerField,null=True
FRSTHO,PositiveSmallIntegerField,null=True
HHPWALK,PositiveSmallIntegerField,null=True
NLNLIK,PositiveSmallIntegerField,null=True
JBUYG2,SmallIntegerField,null=True
JANPMT,SmallIntegerField,null=True
ELDER,PositiveSmallIntegerField,null=True
JEGMOR,SmallIntegerField,null=True
JEQUIP,SmallIntegerField,null=True
HHPQDIV,PositiveSmallIntegerField,null=True
L30A,PositiveIntegerField,null=True
TENURE,PositiveSmallIntegerField,null=True
JHHSEX,SmallIntegerField,null=True
JDIRAC,SmallIntegerField,null=True
ZADULT,PositiveSmallIntegerField,null=True
JBUYW2,SmallIntegerField,null=True
APTCM,SmallIntegerField,null=True
NLEAK2,SmallIntegerField,null=True
JPRENT,SmallIntegerField,null=True
JARAGE,SmallIntegerField,null=True
JCONDO,SmallIntegerField,null=True
NLEAK1,SmallIntegerField,null=True
JBATHS,SmallIntegerField,null=True
HHINUSYR,SmallIntegerField,null=True
CMSA,PositiveSmallIntegerField,null=True
HDSB,PositiveSmallIntegerField,null=True
HUHIS,SmallIntegerField,null=True
USFCAM,SmallIntegerField,null=True
JWHOTH,SmallIntegerField,null=True
JOPERM,SmallIntegerField,null=True
JWNSAFETY,SmallIntegerField,null=True
PILEAK,SmallIntegerField,null=True
ROOMS,PositiveSmallIntegerField,null=True
JQINT,SmallIntegerField,null=True
HOLES,PositiveSmallIntegerField,null=True
DBFORCWHR,SmallIntegerField,null=True
JMJOBS,SmallIntegerField,null=True
JMFEMP,SmallIntegerField,null=True
QWKCMP,PositiveSmallIntegerField,null=True
WMCLOS,PositiveSmallIntegerField,null=True
ESLOPW,PositiveSmallIntegerField,null=True
JELEV,SmallIntegerField,null=True
JOILET,SmallIntegerField,null=True
EBAR,PositiveSmallIntegerField,null=True
WMCHEP,PositiveSmallIntegerField,null=True
SOTHV,SmallIntegerField,null=True
ZADEQ,PositiveSmallIntegerField,null=True
WMGOVT,PositiveSmallIntegerField,null=True
SHARPF,PositiveSmallIntegerField,null=True
WMGOVP,SmallIntegerField,null=True
DOWNPCT,SmallIntegerField,null=True
JLOT,SmallIntegerField,null=True
SEWDUS,SmallIntegerField,null=True
NEWC,PositiveSmallIntegerField,null=True
JUSEOIL,SmallIntegerField,null=True
EVROD,PositiveSmallIntegerField,null=True
RLEAK,SmallIntegerField,null=True
DISH,PositiveSmallIntegerField,null=True
RECRM,PositiveSmallIntegerField,null=True
JASPIP,SmallIntegerField,null=True
JOTPIP,SmallIntegerField,null=True
WEIGHT,DecimalField,"max_digits=20, decimal_places=10, null=True"
GARAGE,PositiveSmallIntegerField,null=True
JPVALU,SmallIntegerField,null=True
JDATE,SmallIntegerField,null=True
WELL,SmallIntegerField,null=True
GASPI2,SmallIntegerField,null=True
JHHGRAD,SmallIntegerField,null=True
HHPHEAR,PositiveSmallIntegerField,null=True
LMED,PositiveIntegerField,null=True
HHAGE,PositiveSmallIntegerField,null=True
PVALUE,SmallIntegerField,null=True
STATUS,PositiveSmallIntegerField,null=True
JASPI2,SmallIntegerField,null=True
DISPL,PositiveSmallIntegerField,null=True
NLHPPY,PositiveSmallIntegerField,null=True
HHPQWELF,PositiveSmallIntegerField,null=True
GASPIP,PositiveSmallIntegerField,null=True
VALUE,PositiveIntegerField,null=True
JAFUEL,SmallIntegerField,null=True
JWHYRD,SmallIntegerField,null=True
HHPSEE,PositiveSmallIntegerField,null=True
JMQUAL,SmallIntegerField,null=True
JMLARG,SmallIntegerField,null=True
DBIN1WHY,PositiveSmallIntegerField,null=True
NUMHS,PositiveSmallIntegerField,null=True
WLEAK,SmallIntegerField,null=True
HHRACE,PositiveSmallIntegerField,null=True
IFDRY,PositiveSmallIntegerField,null=True
JMCNDO,SmallIntegerField,null=True
AMTX,PositiveIntegerField,null=True
AMTW,PositiveSmallIntegerField,null=True
AMTT,SmallIntegerField,null=True
JXCLUS,SmallIntegerField,null=True
JIFSEW,SmallIntegerField,null=True
AMTO,SmallIntegerField,null=True
DRSHOP,PositiveSmallIntegerField,null=True
AMTI,PositiveSmallIntegerField,null=True
JHHSAL,SmallIntegerField,null=True
JSFCHG,SmallIntegerField,null=True
AMTE,PositiveSmallIntegerField,null=True
OTLEAK,SmallIntegerField,null=True
